product_id,name,category_id,supplier_id,price_usd,currency,created_at
P00001,Product 1 design,8,S0002,1055.26,USD,2024-05-15 11:18:39
P00002,Product 2 box,11,S0040,406.92,EUR,2024-12-16 03:25:06
P00003,Product 3 site,11,S0046,359.03,CAD,2025-05-09 02:26:35
P00004,Product 4 produce,11,S0004,48.72,JPY,2024-10-04 17:00:47
P00005,Product 5 thank,23,S0010,1549.86,CAD,2024-01-25 19:31:55
P00006,Product 6 stop,17,S0024,1921.31,INR,2024-04-07 11:29:35
P00007,Product 7 star,23,S0043,794.21,USD,2023-09-12 03:29:22
P00008,Product 8 human,11,S0020,648.59,EUR,2025-05-26 03:57:10
P00009,Product 9 coach,24,S0028,1584.73,GBP,2024-03-25 21:02:57
P00010,Product 10 standard,21,S0021,352.53,JPY,2023-10-09 23:00:21
P00011,Product 11 many,23,S0040,1575.05,EUR,2025-01-01 01:44:16
P00012,Product 12 go,22,S0038,1629.84,GBP,2024-06-16 10:17:47
P00013,Product 13 difference,10,S0047,1378.55,EUR,2024-04-01 10:25:40
P00014,Product 14 enjoy,6,S0047,8.59,AUD,2025-01-15 15:46:51
P00015,Product 15 expert,19,S0026,1702.26,CAD,2025-02-02 18:19:29
P00016,Product 16 here,19,S0003,368.25,INR,2024-12-28 01:44:21
P00017,Product 17 part,20,S0015,1281.1,USD,2024-01-08 01:11:33
P00018,Product 18 big,16,S0010,665.68,USD,2024-02-04 19:29:10
P00019,Product 19 care,8,S0023,1964.85,EUR,2024-09-15 09:59:44
P00020,Product 20 when,21,S0006,1644.22,AUD,2025-04-02 11:35:51
P00021,Product 21 just,21,S0047,1773.87,GBP,2023-12-16 10:30:10
P00022,Product 22 view,1,S0017,423.32,AUD,2025-02-21 10:09:37
P00023,Product 23 federal,3,S0023,517.03,USD,2024-02-28 22:04:21
P00024,Product 24 practice,24,S0001,101.05,GBP,2024-11-15 08:50:26
P00025,Product 25 tell,24,S0027,1938.36,GBP,2025-03-30 13:22:38
P00026,Product 26 career,16,S0025,705.71,GBP,2025-07-11 17:21:07
P00027,Product 27 design,4,S0031,1578.52,JPY,2024-11-26 13:39:53
P00028,Product 28 far,21,S0049,1375.89,EUR,2024-08-28 10:55:44
P00029,Product 29 enjoy,15,S0005,1599.39,USD,2025-05-30 01:24:34
P00030,Product 30 entire,10,S0002,640.84,USD,2025-07-13 06:37:47
P00031,Product 31 section,3,S0022,344.36,GBP,2025-05-02 07:21:32
P00032,Product 32 indicate,6,S0047,154.63,USD,2024-01-02 17:59:18
P00033,Product 33 for,11,S0039,1970.63,GBP,2025-07-25 12:48:21
P00034,Product 34 mean,23,S0002,865.49,AUD,2025-03-31 09:48:22
P00035,Product 35 difficult,6,S0039,1780.06,EUR,2024-01-21 15:53:18
P00036,Product 36 argue,2,S0007,665.53,EUR,2024-04-13 08:46:40
P00037,Product 37 different,14,S0045,1110.45,AUD,2024-06-14 07:23:20
P00038,Product 38 field,18,S0017,1322.89,INR,2025-01-01 00:31:25
P00039,Product 39 property,8,S0007,104.02,JPY,2025-07-27 06:57:59
P00040,Product 40 western,18,S0032,311.41,INR,2025-07-12 09:48:26
P00041,Product 41 behavior,1,S0028,179.82,CAD,2024-06-29 05:50:43
P00042,Product 42 wrong,22,S0041,1202.43,EUR,2023-10-08 07:13:44
P00043,Product 43 style,4,S0002,417.87,AUD,2025-03-01 16:11:27
P00044,Product 44 contain,10,S0006,949.77,USD,2025-01-04 23:23:57
P00045,Product 45 far,10,S0026,944.53,AUD,2023-09-13 04:02:50
P00046,Product 46 make,9,S0006,1285.52,GBP,2024-10-07 05:18:40
P00047,Product 47 still,6,S0024,1771.56,INR,2024-11-24 15:59:19
P00048,Product 48 dog,6,S0029,94.01,GBP,2024-12-31 22:16:35
P00049,Product 49 network,15,S0017,456.35,INR,2024-09-22 01:35:54
P00050,Product 50 kind,19,S0004,306.51,AUD,2024-03-13 06:23:50
P00051,Product 51 degree,22,S0007,175.99,INR,2024-04-01 20:35:55
P00052,Product 52 compare,18,S0027,1941.56,JPY,2025-05-16 12:39:53
P00053,Product 53 successful,8,S0036,126.66,GBP,2024-02-26 19:44:33
P00054,Product 54 short,17,S0027,1931.43,AUD,2025-06-27 13:20:08
P00055,Product 55 wonder,16,S0037,1763.9,GBP,2023-09-03 12:10:26
P00056,Product 56 particular,10,S0006,792.63,CAD,2025-07-12 05:48:47
P00057,Product 57 century,23,S0003,1006.69,JPY,2024-08-28 07:25:34
P00058,Product 58 join,19,S0044,1965.6,EUR,2023-10-04 19:50:14
P00059,Product 59 reality,4,S0049,900.83,EUR,2024-07-27 03:04:32
P00060,Product 60 necessary,7,S0013,256.74,GBP,2024-10-17 14:15:50
P00061,Product 61 manage,3,S0044,873.61,CAD,2024-03-26 16:18:31
P00062,Product 62 recently,21,S0010,1669.05,INR,2024-12-26 11:47:58
P00063,Product 63 attack,11,S0047,1828.78,USD,2025-05-16 17:21:16
P00064,Product 64 teach,3,S0025,1114.95,JPY,2024-08-14 09:45:44
P00065,Product 65 film,11,S0018,1041.78,CAD,2024-08-03 04:54:10
P00066,Product 66 thus,1,S0045,1248.0,JPY,2024-08-15 20:59:12
P00067,Product 67 laugh,14,S0008,831.81,EUR,2025-04-25 10:55:39
P00068,Product 68 network,19,S0038,1167.44,USD,2025-08-06 00:14:15
P00069,Product 69 name,4,S0037,1560.19,CAD,2024-04-17 20:48:40
P00070,Product 70 rock,10,S0035,1760.87,GBP,2025-06-28 22:53:42
P00071,Product 71 quite,9,S0025,1311.3,JPY,2024-05-25 15:29:36
P00072,Product 72 important,20,S0031,79.74,INR,2025-02-12 09:56:02
P00073,Product 73 when,13,S0010,1238.4,AUD,2024-08-19 14:26:25
P00074,Product 74 bag,23,S0026,82.37,INR,2024-03-05 15:04:41
P00075,Product 75 suffer,23,S0016,103.34,GBP,2025-02-26 16:33:36
P00076,Product 76 space,9,S0024,45.36,CAD,2024-07-07 15:42:48
P00077,Product 77 trial,10,S0020,564.29,GBP,2024-03-27 14:04:33
P00078,Product 78 give,23,S0044,200.94,CAD,2023-10-12 18:24:24
P00079,Product 79 already,8,S0009,604.46,AUD,2025-06-27 01:46:27
P00080,Product 80 standard,15,S0050,1652.52,INR,2023-12-24 07:11:01
P00081,Product 81 fight,24,S0027,1211.93,USD,2025-05-29 13:43:23
P00082,Product 82 power,7,S0029,426.72,CAD,2023-10-10 13:03:56
P00083,Product 83 seven,14,S0048,971.5,JPY,2023-10-16 03:31:59
P00084,Product 84 fund,12,S0004,1032.96,EUR,2023-12-26 13:11:56
P00085,Product 85 physical,3,S0020,1420.59,GBP,2024-10-04 07:55:14
P00086,Product 86 there,5,S0050,1703.33,JPY,2024-12-25 14:12:07
P00087,Product 87 manage,1,S0012,389.56,CAD,2023-10-07 21:57:38
P00088,Product 88 consider,7,S0004,502.73,GBP,2024-09-13 23:06:12
P00089,Product 89 speak,2,S0024,1410.74,INR,2023-10-30 14:56:27
P00090,Product 90 perform,12,S0030,1012.73,AUD,2024-11-13 05:57:08
P00091,Product 91 future,4,S0044,65.97,INR,2025-06-03 05:01:52
P00092,Product 92 paper,16,S0039,894.98,CAD,2024-01-20 07:19:40
P00093,Product 93 collection,16,S0038,1104.91,INR,2023-08-25 11:25:41
P00094,Product 94 use,6,S0017,1499.18,AUD,2025-05-18 11:49:00
P00095,Product 95 home,3,S0019,59.76,USD,2025-04-26 04:47:19
P00096,Product 96 religious,6,S0037,1560.76,EUR,2025-03-31 15:18:37
P00097,Product 97 often,8,S0042,454.1,EUR,2023-12-12 15:36:59
P00098,Product 98 general,9,S0042,821.97,USD,2025-05-27 09:53:08
P00099,Product 99 imagine,25,S0050,1365.99,GBP,2024-02-11 13:28:10
P00100,Product 100 never,5,S0042,350.54,CAD,2025-02-25 04:54:54
P00101,Product 101 paper,1,S0015,508.52,CAD,2024-11-16 19:31:23
P00102,Product 102 finish,10,S0046,1934.21,AUD,2024-12-07 00:00:17
P00103,Product 103 contain,9,S0028,1791.49,CAD,2025-07-22 23:29:41
P00104,Product 104 probably,12,S0030,507.74,GBP,2024-10-05 17:09:29
P00105,Product 105 meeting,10,S0044,1043.67,JPY,2024-01-27 04:59:21
P00106,Product 106 wonder,13,S0038,209.11,JPY,2024-09-30 00:02:24
P00107,Product 107 development,22,S0024,1125.11,JPY,2023-11-26 06:03:07
P00108,Product 108 street,20,S0019,600.46,USD,2025-04-06 02:17:40
P00109,Product 109 green,16,S0005,675.89,INR,2025-05-28 23:31:03
P00110,Product 110 throughout,21,S0021,1723.68,INR,2024-04-25 00:49:55
P00111,Product 111 imagine,21,S0046,1904.61,AUD,2024-12-04 16:02:40
P00112,Product 112 baby,10,S0013,304.11,CAD,2024-12-29 06:04:18
P00113,Product 113 network,8,S0004,1611.83,CAD,2024-04-20 05:31:53
P00114,Product 114 able,20,S0026,1322.76,AUD,2023-09-26 21:39:35
P00115,Product 115 seat,5,S0047,55.78,GBP,2025-08-01 17:36:59
P00116,Product 116 treatment,10,S0017,1814.29,GBP,2024-05-20 14:10:41
P00117,Product 117 future,13,S0048,75.46,AUD,2024-06-04 00:03:05
P00118,Product 118 leg,19,S0013,689.62,AUD,2023-10-27 06:25:04
P00119,Product 119 true,8,S0044,1071.6,CAD,2025-08-11 14:16:40
P00120,Product 120 method,16,S0043,720.2,INR,2024-04-29 18:13:17
P00121,Product 121 hour,6,S0043,1753.61,EUR,2025-06-02 09:55:58
P00122,Product 122 walk,10,S0007,944.21,AUD,2024-10-15 03:52:54
P00123,Product 123 middle,9,S0047,1617.65,CAD,2024-11-28 02:17:34
P00124,Product 124 organization,6,S0044,1799.68,AUD,2024-03-07 10:19:22
P00125,Product 125 ready,3,S0015,713.79,AUD,2025-07-22 06:35:56
P00126,Product 126 country,10,S0027,1577.24,INR,2025-03-06 17:57:28
P00127,Product 127 kid,12,S0017,1173.21,GBP,2024-05-30 01:45:33
P00128,Product 128 executive,4,S0031,112.09,AUD,2025-06-29 00:02:57
P00129,Product 129 show,19,S0038,1888.88,USD,2024-09-17 05:46:36
P00130,Product 130 court,16,S0013,1003.45,CAD,2025-05-06 11:43:48
P00131,Product 131 beautiful,22,S0025,1062.03,GBP,2024-03-25 13:34:14
P00132,Product 132 wish,2,S0010,279.04,EUR,2025-08-03 09:07:15
P00133,Product 133 certain,11,S0027,1974.45,GBP,2025-03-02 05:43:50
P00134,Product 134 into,5,S0021,1725.48,EUR,2024-12-12 14:11:32
P00135,Product 135 door,25,S0006,977.72,AUD,2024-06-08 19:17:38
P00136,Product 136 everybody,6,S0021,1270.83,USD,2024-10-12 06:57:11
P00137,Product 137 north,15,S0018,422.72,CAD,2025-08-01 08:18:35
P00138,Product 138 coach,6,S0037,1530.15,GBP,2025-03-28 03:23:12
P00139,Product 139 stop,25,S0050,180.64,JPY,2024-01-04 03:05:28
P00140,Product 140 recognize,14,S0041,861.67,GBP,2024-10-20 01:24:24
P00141,Product 141 TV,16,S0025,14.31,JPY,2025-07-14 23:43:02
P00142,Product 142 determine,7,S0047,749.34,USD,2024-10-05 18:08:38
P00143,Product 143 remember,11,S0049,1667.29,EUR,2024-06-22 19:53:31
P00144,Product 144 white,1,S0044,13.23,AUD,2025-08-10 18:33:53
P00145,Product 145 guy,8,S0015,1388.58,INR,2024-02-02 10:29:15
P00146,Product 146 weight,10,S0009,209.9,JPY,2024-11-11 11:35:00
P00147,Product 147 just,19,S0020,338.21,CAD,2024-10-29 17:44:50
P00148,Product 148 trade,2,S0020,1897.18,GBP,2023-08-26 15:40:36
P00149,Product 149 loss,24,S0034,1194.76,INR,2023-09-14 18:27:43
P00150,Product 150 usually,14,S0044,1990.97,INR,2024-03-26 07:15:21
P00151,Product 151 nature,16,S0023,1501.48,EUR,2024-09-23 09:16:21
P00152,Product 152 language,13,S0002,460.69,AUD,2024-11-01 21:03:02
P00153,Product 153 situation,5,S0014,1469.48,JPY,2023-09-05 15:27:13
P00154,Product 154 national,17,S0011,250.71,AUD,2025-07-12 01:13:02
P00155,Product 155 yeah,21,S0003,753.51,AUD,2024-09-16 00:25:36
P00156,Product 156 finally,9,S0050,1071.79,USD,2024-09-30 02:02:42
P00157,Product 157 too,20,S0004,1325.63,AUD,2025-02-06 05:39:32
P00158,Product 158 help,1,S0004,1381.05,GBP,2023-12-20 04:29:10
P00159,Product 159 box,15,S0025,251.57,INR,2025-03-04 02:48:41
P00160,Product 160 be,16,S0045,310.49,AUD,2024-08-04 15:18:04
P00161,Product 161 decision,22,S0041,23.56,GBP,2024-05-21 16:03:25
P00162,Product 162 building,22,S0007,1326.65,INR,2024-07-30 06:00:33
P00163,Product 163 magazine,20,S0039,1402.95,GBP,2024-09-08 03:53:08
P00164,Product 164 reality,4,S0033,1438.94,USD,2024-02-03 05:48:37
P00165,Product 165 our,10,S0008,1570.6,GBP,2025-03-23 08:45:15
P00166,Product 166 simply,7,S0039,403.5,INR,2025-06-19 18:08:52
P00167,Product 167 reflect,17,S0013,719.05,GBP,2024-10-04 04:28:19
P00168,Product 168 answer,10,S0011,83.61,GBP,2025-07-26 10:48:12
P00169,Product 169 movie,7,S0045,1866.58,INR,2024-07-11 15:48:01
P00170,Product 170 serve,8,S0001,30.44,USD,2024-10-08 09:04:43
P00171,Product 171 through,4,S0037,1339.7,EUR,2023-10-07 00:33:22
P00172,Product 172 hope,3,S0050,1025.85,AUD,2025-07-02 15:08:03
P00173,Product 173 fish,24,S0007,1810.03,AUD,2023-08-18 11:12:37
P00174,Product 174 scientist,8,S0030,1977.39,INR,2024-07-02 20:11:24
P00175,Product 175 week,9,S0030,104.91,CAD,2024-08-17 17:20:11
P00176,Product 176 reduce,6,S0003,1705.24,INR,2023-10-23 10:24:32
P00177,Product 177 improve,22,S0021,854.86,USD,2024-01-30 11:41:28
P00178,Product 178 top,4,S0049,1781.13,USD,2025-04-08 01:02:43
P00179,Product 179 thus,5,S0043,1296.16,INR,2024-02-18 20:20:48
P00180,Product 180 occur,12,S0029,1910.4,INR,2023-10-14 21:09:49
P00181,Product 181 trade,24,S0006,748.38,INR,2024-02-05 14:00:18
P00182,Product 182 attorney,6,S0008,804.55,GBP,2024-01-09 04:59:26
P00183,Product 183 page,9,S0025,1381.36,GBP,2024-06-22 04:41:47
P00184,Product 184 number,14,S0042,1772.82,EUR,2023-09-18 04:59:54
P00185,Product 185 argue,4,S0009,1393.86,USD,2023-10-17 19:45:44
P00186,Product 186 conference,6,S0007,834.98,JPY,2024-09-07 21:06:17
P00187,Product 187 modern,16,S0037,1358.39,EUR,2025-05-25 17:05:07
P00188,Product 188 understand,20,S0025,1559.43,JPY,2025-03-13 11:25:28
P00189,Product 189 though,1,S0044,1760.5,AUD,2023-12-28 00:15:38
P00190,Product 190 take,5,S0031,1841.19,USD,2025-05-10 07:29:19
P00191,Product 191 decide,14,S0029,96.71,INR,2024-06-14 21:33:20
P00192,Product 192 fast,21,S0021,29.66,CAD,2024-11-02 07:14:46
P00193,Product 193 garden,22,S0034,1536.22,JPY,2024-07-17 20:05:43
P00194,Product 194 rock,24,S0037,451.85,AUD,2023-10-13 10:45:10
P00195,Product 195 continue,11,S0034,1048.59,AUD,2024-04-13 11:22:36
P00196,Product 196 account,20,S0007,868.53,AUD,2024-01-21 16:19:59
P00197,Product 197 interview,8,S0031,694.77,AUD,2025-05-13 12:46:03
P00198,Product 198 of,21,S0025,301.57,CAD,2024-07-25 00:38:59
P00199,Product 199 add,18,S0040,113.86,AUD,2025-04-01 07:11:58
P00200,Product 200 what,6,S0033,1698.45,CAD,2025-06-13 01:52:40
P00201,Product 201 also,16,S0011,154.36,GBP,2024-07-11 09:44:26
P00202,Product 202 look,11,S0016,665.14,INR,2023-08-28 22:57:15
P00203,Product 203 international,2,S0033,449.3,AUD,2024-04-12 16:36:02
P00204,Product 204 prove,13,S0026,1635.12,USD,2024-05-18 03:12:16
P00205,Product 205 industry,15,S0029,1603.52,GBP,2024-12-26 05:52:08
P00206,Product 206 condition,3,S0032,896.9,USD,2025-01-09 19:58:56
P00207,Product 207 history,16,S0048,1308.48,USD,2024-09-30 14:48:49
P00208,Product 208 miss,13,S0027,76.48,JPY,2025-07-11 21:14:56
P00209,Product 209 lose,1,S0006,1584.61,JPY,2023-08-25 06:02:44
P00210,Product 210 provide,21,S0020,1780.77,JPY,2023-08-19 02:18:51
P00211,Product 211 part,7,S0042,1344.59,INR,2023-12-08 08:51:35
P00212,Product 212 toward,12,S0004,1634.09,CAD,2025-05-25 14:47:06
P00213,Product 213 set,15,S0022,1122.5,JPY,2024-04-21 19:17:03
P00214,Product 214 arrive,20,S0031,1434.73,INR,2023-12-07 17:09:20
P00215,Product 215 good,23,S0029,232.48,CAD,2025-05-02 05:29:36
P00216,Product 216 maybe,22,S0015,9.38,INR,2023-12-28 01:34:49
P00217,Product 217 bill,21,S0019,1097.64,INR,2024-05-14 12:02:43
P00218,Product 218 economic,23,S0007,96.33,EUR,2024-01-18 06:59:16
P00219,Product 219 clear,16,S0009,1644.57,AUD,2024-08-07 18:33:39
P00220,Product 220 after,24,S0027,218.39,JPY,2024-07-12 00:28:55
P00221,Product 221 provide,7,S0013,245.89,CAD,2024-09-15 01:28:22
P00222,Product 222 wind,13,S0014,916.81,CAD,2024-10-26 07:23:52
P00223,Product 223 whose,7,S0046,679.18,CAD,2025-06-16 17:56:55
P00224,Product 224 white,14,S0003,1853.62,CAD,2024-04-24 07:56:24
P00225,Product 225 foreign,22,S0038,250.82,GBP,2025-03-26 16:02:35
P00226,Product 226 fish,15,S0043,1180.69,JPY,2024-04-27 10:16:33
P00227,Product 227 town,5,S0032,13.65,AUD,2024-06-22 08:27:46
P00228,Product 228 free,2,S0036,1870.94,CAD,2023-09-02 01:39:23
P00229,Product 229 population,19,S0031,1849.12,CAD,2023-08-22 11:57:10
P00230,Product 230 beat,6,S0045,1159.22,AUD,2024-12-30 02:51:17
P00231,Product 231 politics,5,S0007,777.87,JPY,2025-05-20 16:11:47
P00232,Product 232 for,20,S0021,1010.7,GBP,2024-02-08 13:06:16
P00233,Product 233 memory,14,S0039,1832.24,CAD,2024-02-03 13:50:10
P00234,Product 234 despite,8,S0018,798.75,INR,2024-12-30 10:22:55
P00235,Product 235 short,10,S0029,1610.57,EUR,2024-11-15 21:53:19
P00236,Product 236 goal,14,S0039,1401.53,AUD,2023-11-15 06:56:46
P00237,Product 237 bag,17,S0020,1686.93,JPY,2025-03-08 19:05:51
P00238,Product 238 bar,11,S0046,1474.95,JPY,2023-08-31 18:45:47
P00239,Product 239 manage,21,S0014,405.77,JPY,2024-06-15 06:31:49
P00240,Product 240 institution,23,S0019,1374.79,AUD,2025-07-01 04:12:04
P00241,Product 241 management,5,S0046,1301.92,EUR,2024-06-19 17:04:47
P00242,Product 242 government,17,S0035,1390.15,INR,2025-03-27 07:34:50
P00243,Product 243 mind,23,S0008,1522.75,JPY,2024-05-01 02:22:12
P00244,Product 244 instead,16,S0038,1143.42,AUD,2025-05-13 11:08:05
P00245,Product 245 point,23,S0027,1350.12,CAD,2025-01-25 22:06:57
P00246,Product 246 region,18,S0019,1755.57,GBP,2024-11-14 00:40:11
P00247,Product 247 boy,1,S0034,217.41,GBP,2024-05-25 10:28:53
P00248,Product 248 talk,5,S0004,1342.16,EUR,2025-02-26 07:33:41
P00249,Product 249 stage,9,S0049,1572.14,INR,2023-12-21 01:55:30
P00250,Product 250 professional,22,S0017,297.12,USD,2024-11-28 12:20:58
P00251,Product 251 interview,23,S0019,411.98,JPY,2024-10-25 16:57:09
P00252,Product 252 certainly,2,S0023,1628.98,USD,2023-09-15 15:23:37
P00253,Product 253 appear,20,S0044,1480.29,CAD,2025-03-23 19:50:57
P00254,Product 254 daughter,8,S0048,1296.0,GBP,2024-04-08 00:03:02
P00255,Product 255 should,8,S0033,1569.69,CAD,2024-11-19 09:05:03
P00256,Product 256 personal,23,S0019,1387.41,USD,2025-08-08 15:53:19
P00257,Product 257 light,13,S0025,836.05,CAD,2024-11-01 15:58:51
P00258,Product 258 road,22,S0021,1931.84,USD,2023-09-13 21:05:14
P00259,Product 259 on,1,S0048,506.43,JPY,2024-06-30 22:53:58
P00260,Product 260 only,25,S0029,1660.82,AUD,2025-05-07 21:38:03
P00261,Product 261 drop,23,S0046,1297.03,CAD,2025-04-24 01:10:51
P00262,Product 262 accept,19,S0035,1478.21,EUR,2023-10-11 18:58:46
P00263,Product 263 campaign,25,S0047,1928.76,INR,2024-08-28 07:51:47
P00264,Product 264 hear,15,S0012,1966.99,USD,2025-07-04 09:10:04
P00265,Product 265 check,6,S0012,1471.48,USD,2023-11-08 04:41:20
P00266,Product 266 state,13,S0003,859.87,JPY,2023-12-26 08:52:10
P00267,Product 267 last,9,S0009,326.05,CAD,2024-11-27 23:05:48
P00268,Product 268 push,9,S0001,664.47,AUD,2025-06-09 22:31:49
P00269,Product 269 expect,5,S0003,311.64,INR,2025-01-01 20:00:31
P00270,Product 270 late,20,S0004,1548.45,AUD,2024-08-21 03:40:00
P00271,Product 271 moment,20,S0043,605.8,CAD,2024-06-13 15:09:57
P00272,Product 272 need,19,S0036,719.38,CAD,2025-03-08 13:16:18
P00273,Product 273 star,23,S0021,1053.16,EUR,2025-01-17 22:39:45
P00274,Product 274 trouble,17,S0005,1573.59,EUR,2024-04-06 16:34:09
P00275,Product 275 stay,14,S0035,1076.39,USD,2024-07-05 15:42:21
P00276,Product 276 result,12,S0015,1767.38,AUD,2024-01-27 10:56:34
P00277,Product 277 radio,11,S0022,724.79,EUR,2025-03-05 02:29:53
P00278,Product 278 serve,25,S0040,1063.35,JPY,2023-12-24 12:09:23
P00279,Product 279 when,25,S0042,22.56,AUD,2024-09-25 05:54:00
P00280,Product 280 require,12,S0029,484.49,AUD,2024-09-03 18:30:25
P00281,Product 281 travel,20,S0040,491.44,USD,2024-12-10 23:54:27
P00282,Product 282 sport,22,S0021,765.84,CAD,2023-12-30 04:59:10
P00283,Product 283 ability,4,S0025,516.9,AUD,2024-03-14 21:45:10
P00284,Product 284 bag,10,S0002,1823.12,CAD,2024-03-16 16:33:59
P00285,Product 285 much,25,S0024,1031.05,JPY,2024-02-13 18:40:37
P00286,Product 286 training,15,S0032,92.48,AUD,2024-11-07 12:54:55
P00287,Product 287 fear,7,S0021,1030.22,USD,2025-07-15 08:28:23
P00288,Product 288 sign,6,S0050,1078.26,USD,2024-02-20 14:18:33
P00289,Product 289 property,21,S0005,425.51,AUD,2023-10-31 22:26:16
P00290,Product 290 plan,25,S0014,1730.58,GBP,2025-04-10 22:23:44
P00291,Product 291 black,4,S0014,1077.82,AUD,2024-04-29 06:40:08
P00292,Product 292 ahead,24,S0050,873.3,CAD,2024-05-29 01:00:43
P00293,Product 293 idea,3,S0048,1373.66,USD,2024-05-11 15:19:29
P00294,Product 294 some,15,S0046,666.77,USD,2025-07-02 09:59:56
P00295,Product 295 station,3,S0004,360.09,INR,2025-04-02 11:50:59
P00296,Product 296 card,18,S0005,1152.05,EUR,2025-05-19 19:46:57
P00297,Product 297 oil,9,S0027,779.13,AUD,2024-12-26 20:13:51
P00298,Product 298 article,13,S0028,636.23,GBP,2025-03-29 09:04:50
P00299,Product 299 treat,22,S0008,1071.99,AUD,2024-05-27 17:50:33
P00300,Product 300 pick,24,S0040,131.16,AUD,2023-12-01 17:23:27
P00301,Product 301 street,19,S0003,1403.26,USD,2025-01-16 22:56:46
P00302,Product 302 thousand,12,S0033,216.74,CAD,2025-01-19 22:08:41
P00303,Product 303 read,22,S0020,1215.1,INR,2025-04-04 15:17:31
P00304,Product 304 son,25,S0029,765.92,CAD,2025-05-23 09:43:40
P00305,Product 305 who,22,S0002,950.61,JPY,2024-08-04 05:53:39
P00306,Product 306 agreement,8,S0009,1494.77,CAD,2025-04-10 13:44:14
P00307,Product 307 another,18,S0019,1920.47,EUR,2023-11-22 02:22:43
P00308,Product 308 listen,10,S0044,1774.52,CAD,2025-06-15 15:28:01
P00309,Product 309 magazine,24,S0042,749.4,USD,2024-12-04 21:32:28
P00310,Product 310 power,18,S0036,287.04,USD,2024-09-07 14:29:27
P00311,Product 311 change,1,S0037,1195.33,JPY,2024-04-28 12:47:13
P00312,Product 312 sell,18,S0006,612.86,AUD,2025-04-09 16:37:05
P00313,Product 313 health,24,S0047,690.98,GBP,2023-09-27 19:40:16
P00314,Product 314 page,21,S0033,289.2,EUR,2025-03-21 17:54:05
P00315,Product 315 line,8,S0040,1670.32,EUR,2025-06-07 03:27:06
P00316,Product 316 medical,4,S0012,1343.6,JPY,2024-06-12 21:23:24
P00317,Product 317 develop,2,S0049,1865.08,JPY,2025-05-19 07:40:20
P00318,Product 318 employee,15,S0042,1101.58,INR,2025-02-17 04:17:11
P00319,Product 319 business,22,S0005,505.12,EUR,2024-10-23 14:59:01
P00320,Product 320 us,24,S0038,976.94,INR,2024-07-06 12:27:15
P00321,Product 321 establish,12,S0009,1344.23,EUR,2025-06-30 19:50:00
P00322,Product 322 hope,4,S0019,1240.93,EUR,2024-09-25 19:41:28
P00323,Product 323 good,11,S0032,904.04,JPY,2025-05-01 01:48:08
P00324,Product 324 guy,22,S0020,1388.45,EUR,2025-05-17 15:24:36
P00325,Product 325 bit,19,S0037,732.16,INR,2024-06-16 04:24:16
P00326,Product 326 look,14,S0011,14.64,EUR,2024-12-08 03:55:11
P00327,Product 327 interesting,8,S0046,1480.93,GBP,2024-10-30 18:05:13
P00328,Product 328 difference,9,S0024,272.94,AUD,2023-09-28 21:30:10
P00329,Product 329 be,11,S0031,928.38,INR,2023-12-28 19:04:06
P00330,Product 330 enjoy,25,S0020,976.51,USD,2025-05-23 21:02:45
P00331,Product 331 American,6,S0042,1215.22,CAD,2024-09-25 01:25:43
P00332,Product 332 anything,9,S0009,1783.14,EUR,2024-04-15 01:53:29
P00333,Product 333 serious,9,S0047,1773.24,USD,2023-11-24 20:18:54
P00334,Product 334 on,24,S0005,1784.75,CAD,2025-05-06 10:20:03
P00335,Product 335 poor,17,S0041,67.23,JPY,2023-09-16 12:15:55
P00336,Product 336 father,19,S0026,1539.55,EUR,2024-03-23 02:18:51
P00337,Product 337 seat,2,S0036,524.93,JPY,2024-11-09 08:30:51
P00338,Product 338 head,16,S0042,1551.52,INR,2023-10-08 22:18:32
P00339,Product 339 among,13,S0015,1783.42,JPY,2025-01-27 19:38:18
P00340,Product 340 gun,24,S0019,272.09,JPY,2024-02-13 22:49:27
P00341,Product 341 husband,17,S0006,796.59,JPY,2024-12-29 04:35:56
P00342,Product 342 a,1,S0043,481.57,CAD,2024-04-13 17:49:47
P00343,Product 343 exactly,20,S0044,335.86,JPY,2024-06-06 11:52:44
P00344,Product 344 executive,5,S0029,322.65,JPY,2023-12-12 16:07:03
P00345,Product 345 result,19,S0043,1745.03,EUR,2024-06-11 17:18:24
P00346,Product 346 garden,24,S0047,969.59,INR,2024-08-24 00:02:06
P00347,Product 347 myself,2,S0015,1524.14,EUR,2025-03-23 14:28:02
P00348,Product 348 environmental,3,S0017,742.02,USD,2023-12-29 18:25:21
P00349,Product 349 south,22,S0014,1038.18,CAD,2023-11-04 16:12:52
P00350,Product 350 up,12,S0025,942.0,GBP,2024-01-29 05:37:46
P00351,Product 351 rich,2,S0003,1961.28,INR,2024-06-05 05:19:50
P00352,Product 352 visit,4,S0046,1937.04,AUD,2024-07-20 16:22:20
P00353,Product 353 beautiful,9,S0048,530.32,JPY,2024-07-05 10:37:13
P00354,Product 354 apply,19,S0012,756.44,GBP,2025-01-08 06:31:45
P00355,Product 355 father,12,S0038,1308.41,CAD,2023-12-24 15:26:45
P00356,Product 356 draw,3,S0034,506.91,EUR,2024-07-14 15:32:45
P00357,Product 357 create,17,S0026,709.03,CAD,2024-08-26 11:22:42
P00358,Product 358 tough,12,S0032,1586.35,JPY,2025-04-22 00:01:56
P00359,Product 359 teach,1,S0033,1764.66,GBP,2024-07-03 07:14:29
P00360,Product 360 husband,6,S0015,158.79,AUD,2024-12-10 16:42:29
P00361,Product 361 cut,9,S0014,304.73,EUR,2025-03-22 12:21:38
P00362,Product 362 morning,12,S0039,1436.02,USD,2024-04-12 19:49:05
P00363,Product 363 television,22,S0015,832.15,INR,2025-07-19 02:00:39
P00364,Product 364 those,24,S0008,965.63,GBP,2025-02-11 05:09:08
P00365,Product 365 all,16,S0014,1183.63,AUD,2025-07-23 08:34:03
P00366,Product 366 more,14,S0002,491.12,EUR,2024-12-09 15:46:18
P00367,Product 367 thus,19,S0038,326.45,AUD,2025-01-22 20:12:28
P00368,Product 368 detail,17,S0003,1782.14,EUR,2024-07-01 01:32:08
P00369,Product 369 hot,2,S0011,520.23,EUR,2024-12-29 11:54:56
P00370,Product 370 parent,17,S0026,1200.72,JPY,2024-11-10 07:44:57
P00371,Product 371 happen,21,S0002,1757.63,AUD,2025-04-21 01:31:50
P00372,Product 372 total,22,S0019,1894.77,EUR,2024-05-30 18:38:45
P00373,Product 373 impact,15,S0039,1985.59,CAD,2024-02-09 13:51:26
P00374,Product 374 artist,16,S0011,442.63,GBP,2023-08-28 07:34:12
P00375,Product 375 line,20,S0010,1590.26,CAD,2023-11-06 12:30:15
P00376,Product 376 soldier,25,S0012,1248.31,JPY,2024-02-10 09:41:56
P00377,Product 377 stay,9,S0011,1449.75,INR,2023-10-05 05:15:27
P00378,Product 378 treat,15,S0039,1183.24,EUR,2023-11-14 18:40:13
P00379,Product 379 wish,13,S0025,268.77,USD,2024-12-15 17:38:25
P00380,Product 380 start,7,S0034,1719.89,JPY,2024-10-05 13:15:57
P00381,Product 381 project,22,S0027,1653.9,JPY,2024-12-20 13:23:05
P00382,Product 382 rest,4,S0012,954.36,JPY,2024-05-31 22:12:00
P00383,Product 383 rest,20,S0003,1756.12,JPY,2024-01-08 18:09:27
P00384,Product 384 could,17,S0049,239.45,GBP,2023-09-15 23:24:13
P00385,Product 385 miss,22,S0009,1804.46,JPY,2023-12-28 21:29:40
P00386,Product 386 special,1,S0050,1358.73,GBP,2025-05-25 09:57:17
P00387,Product 387 security,17,S0027,743.9,USD,2025-02-23 17:05:42
P00388,Product 388 increase,23,S0034,860.77,CAD,2023-10-10 00:22:13
P00389,Product 389 office,16,S0050,765.57,JPY,2024-01-16 19:52:03
P00390,Product 390 site,24,S0049,1675.2,JPY,2024-12-25 01:33:10
P00391,Product 391 civil,4,S0028,272.1,GBP,2023-09-13 14:04:02
P00392,Product 392 through,25,S0015,1820.62,USD,2025-07-13 17:02:33
P00393,Product 393 serve,10,S0039,1754.15,GBP,2023-09-26 02:25:14
P00394,Product 394 usually,9,S0013,15.91,AUD,2024-11-16 23:18:48
P00395,Product 395 wall,1,S0037,1047.47,JPY,2024-08-23 23:12:38
P00396,Product 396 girl,1,S0025,1310.82,AUD,2025-05-13 12:02:26
P00397,Product 397 rather,11,S0027,727.73,EUR,2025-07-05 16:20:06
P00398,Product 398 clearly,14,S0042,1172.81,INR,2025-05-10 11:15:05
P00399,Product 399 dream,18,S0028,1131.52,JPY,2023-12-14 21:55:26
P00400,Product 400 national,9,S0044,797.92,EUR,2023-11-24 17:11:07
P00401,Product 401 laugh,14,S0036,1568.66,GBP,2024-10-24 17:06:50
P00402,Product 402 light,6,S0024,1120.39,GBP,2024-06-03 17:09:30
P00403,Product 403 some,9,S0020,1157.41,CAD,2025-01-05 22:13:04
P00404,Product 404 her,23,S0026,1472.89,CAD,2023-10-24 08:29:50
P00405,Product 405 ability,22,S0008,1496.89,GBP,2024-01-27 13:44:51
P00406,Product 406 rest,23,S0011,205.06,JPY,2024-01-29 01:35:33
P00407,Product 407 material,13,S0022,1602.7,JPY,2024-06-17 21:46:57
P00408,Product 408 million,23,S0044,1415.05,EUR,2024-12-16 03:19:05
P00409,Product 409 particularly,13,S0041,15.55,USD,2024-04-28 15:39:51
P00410,Product 410 education,5,S0031,1852.09,GBP,2023-12-17 05:59:36
P00411,Product 411 cold,3,S0005,529.87,INR,2023-10-12 05:25:47
P00412,Product 412 under,3,S0039,80.32,GBP,2025-07-05 22:58:25
P00413,Product 413 last,13,S0040,1314.07,INR,2024-10-31 08:18:05
P00414,Product 414 hot,23,S0039,119.64,CAD,2025-05-10 11:51:39
P00415,Product 415 central,6,S0041,991.26,USD,2023-12-07 14:53:15
P00416,Product 416 discussion,7,S0043,1861.86,JPY,2024-03-27 16:14:08
P00417,Product 417 far,10,S0013,72.05,JPY,2023-09-08 00:41:23
P00418,Product 418 arrive,17,S0034,1398.41,JPY,2024-06-03 21:02:50
P00419,Product 419 effort,6,S0044,76.94,EUR,2023-09-24 15:02:24
P00420,Product 420 look,21,S0001,1951.41,USD,2024-06-07 10:53:10
P00421,Product 421 information,9,S0050,801.87,AUD,2024-07-18 21:50:57
P00422,Product 422 include,13,S0026,1174.23,JPY,2025-03-08 01:20:30
P00423,Product 423 work,1,S0048,1408.73,USD,2024-03-10 07:49:32
P00424,Product 424 buy,18,S0019,1453.65,JPY,2024-12-10 05:57:01
P00425,Product 425 not,19,S0023,698.21,CAD,2024-05-23 15:35:13
P00426,Product 426 night,9,S0015,1214.69,EUR,2023-09-16 12:46:10
P00427,Product 427 thousand,15,S0026,1151.94,INR,2023-09-18 01:45:01
P00428,Product 428 teach,6,S0027,1014.95,JPY,2024-06-13 01:19:16
P00429,Product 429 degree,3,S0033,592.03,USD,2024-01-09 16:38:33
P00430,Product 430 evening,17,S0017,1752.85,CAD,2024-03-17 10:30:47
P00431,Product 431 show,19,S0017,1389.91,GBP,2023-11-11 20:12:05
P00432,Product 432 usually,19,S0031,1541.08,CAD,2025-02-19 02:35:55
P00433,Product 433 quite,11,S0050,920.4,GBP,2025-07-16 08:37:55
P00434,Product 434 hear,19,S0002,966.53,INR,2023-09-03 07:48:23
P00435,Product 435 lose,3,S0025,1269.16,EUR,2023-11-30 20:28:04
P00436,Product 436 then,22,S0045,463.71,INR,2025-05-28 11:40:22
P00437,Product 437 eat,14,S0023,1035.43,USD,2024-08-29 07:45:20
P00438,Product 438 sport,23,S0017,500.27,USD,2024-07-19 07:25:49
P00439,Product 439 record,13,S0044,1498.83,INR,2024-05-11 22:01:08
P00440,Product 440 hit,3,S0036,1863.14,GBP,2025-04-09 15:02:45
P00441,Product 441 soon,11,S0023,441.04,JPY,2025-04-22 02:19:30
P00442,Product 442 west,9,S0012,1894.5,AUD,2024-02-03 22:58:09
P00443,Product 443 admit,7,S0032,1475.54,EUR,2023-09-15 02:35:45
P00444,Product 444 various,24,S0016,1746.12,EUR,2024-11-10 17:20:22
P00445,Product 445 firm,8,S0013,1670.71,CAD,2025-07-08 19:58:18
P00446,Product 446 political,20,S0023,316.21,USD,2025-03-08 22:07:50
P00447,Product 447 notice,4,S0006,1353.25,AUD,2025-06-08 22:56:00
P00448,Product 448 player,16,S0040,18.21,CAD,2025-03-02 02:49:58
P00449,Product 449 bill,18,S0003,1696.78,INR,2025-05-23 19:52:53
P00450,Product 450 catch,20,S0021,987.22,JPY,2024-04-30 17:37:30
P00451,Product 451 candidate,9,S0032,369.83,CAD,2024-10-28 17:00:16
P00452,Product 452 season,17,S0018,798.77,CAD,2025-03-17 01:01:13
P00453,Product 453 really,19,S0009,113.03,CAD,2025-05-14 14:22:55
P00454,Product 454 hour,14,S0031,1879.61,USD,2023-11-29 11:13:58
P00455,Product 455 religious,17,S0023,790.47,AUD,2024-11-01 06:16:25
P00456,Product 456 history,25,S0012,917.11,USD,2025-05-16 09:50:58
P00457,Product 457 group,23,S0034,922.84,AUD,2024-06-01 01:43:14
P00458,Product 458 citizen,1,S0001,1349.84,GBP,2023-10-18 14:55:45
P00459,Product 459 bit,19,S0007,654.25,JPY,2023-09-01 12:59:41
P00460,Product 460 expect,9,S0012,1099.38,EUR,2024-02-10 07:31:55
P00461,Product 461 clearly,9,S0031,1917.26,INR,2025-05-05 21:06:17
P00462,Product 462 always,12,S0012,1000.05,EUR,2023-09-26 05:50:55
P00463,Product 463 stuff,14,S0045,1505.63,INR,2024-02-21 06:46:11
P00464,Product 464 tonight,13,S0018,904.2,JPY,2024-07-25 11:13:14
P00465,Product 465 law,5,S0037,1373.59,CAD,2025-08-04 20:04:38
P00466,Product 466 form,4,S0047,543.55,EUR,2023-11-07 05:57:39
P00467,Product 467 carry,18,S0028,1713.34,EUR,2024-07-20 11:40:51
P00468,Product 468 nice,5,S0048,303.35,CAD,2024-12-16 15:08:14
P00469,Product 469 top,1,S0012,845.93,EUR,2024-11-03 20:30:20
P00470,Product 470 great,21,S0034,1070.3,INR,2025-04-04 09:00:42
P00471,Product 471 find,16,S0020,505.69,CAD,2024-03-13 11:26:55
P00472,Product 472 age,19,S0004,799.81,AUD,2024-06-28 09:13:44
P00473,Product 473 traditional,6,S0004,434.86,INR,2025-01-16 05:44:14
P00474,Product 474 concern,16,S0041,197.12,AUD,2025-01-27 04:24:50
P00475,Product 475 listen,11,S0017,725.12,JPY,2023-10-09 01:33:06
P00476,Product 476 general,18,S0017,691.56,GBP,2025-03-21 00:41:20
P00477,Product 477 detail,4,S0023,1735.4,JPY,2024-12-07 09:19:04
P00478,Product 478 full,7,S0037,1153.91,AUD,2025-05-03 11:16:21
P00479,Product 479 lose,18,S0012,1958.85,INR,2025-01-29 23:47:24
P00480,Product 480 onto,12,S0021,1348.02,GBP,2025-02-07 10:30:01
P00481,Product 481 medical,25,S0048,896.63,USD,2024-11-22 04:00:54
P00482,Product 482 grow,13,S0040,576.61,AUD,2024-01-30 10:37:39
P00483,Product 483 admit,5,S0011,1282.96,INR,2024-02-17 04:07:12
P00484,Product 484 upon,14,S0041,1226.56,GBP,2024-09-25 01:04:10
P00485,Product 485 though,3,S0006,328.19,EUR,2024-12-24 16:28:18
P00486,Product 486 recently,11,S0021,1307.76,AUD,2025-02-11 07:48:25
P00487,Product 487 pick,9,S0039,1291.07,INR,2024-09-29 18:40:42
P00488,Product 488 any,15,S0050,1726.3,INR,2024-12-26 02:25:51
P00489,Product 489 tell,24,S0038,1044.27,GBP,2025-04-18 19:13:50
P00490,Product 490 her,14,S0011,371.85,USD,2023-09-29 23:26:23
P00491,Product 491 financial,5,S0047,473.08,INR,2023-10-30 00:45:10
P00492,Product 492 least,24,S0045,1500.73,EUR,2024-09-17 12:28:40
P00493,Product 493 officer,6,S0026,210.5,USD,2023-10-04 02:29:56
P00494,Product 494 low,16,S0036,112.38,CAD,2023-10-29 19:42:36
P00495,Product 495 current,13,S0034,1531.17,USD,2023-11-28 01:07:06
P00496,Product 496 wind,4,S0017,1238.11,USD,2025-05-29 03:37:20
P00497,Product 497 than,21,S0025,622.19,EUR,2024-06-28 17:54:22
P00498,Product 498 write,24,S0019,889.11,EUR,2024-12-01 00:26:29
P00499,Product 499 will,5,S0034,1677.84,USD,2024-01-19 04:19:53
P00500,Product 500 future,2,S0043,716.9,INR,2024-02-11 08:57:57
P00501,Product 501 sing,16,S0030,1950.09,JPY,2025-02-11 02:21:49
P00502,Product 502 such,9,S0036,892.47,AUD,2023-11-18 03:31:46
P00503,Product 503 happen,18,S0012,1183.71,GBP,2025-02-25 16:03:36
P00504,Product 504 benefit,21,S0048,1273.52,JPY,2024-01-16 22:11:46
P00505,Product 505 phone,14,S0034,1281.37,JPY,2024-03-03 16:35:25
P00506,Product 506 she,10,S0023,965.9,EUR,2025-03-16 03:58:49
P00507,Product 507 participant,3,S0029,619.2,GBP,2023-09-08 17:44:48
P00508,Product 508 home,9,S0010,610.63,USD,2024-08-22 08:42:33
P00509,Product 509 ready,17,S0049,1696.65,INR,2025-05-12 04:53:55
P00510,Product 510 seven,10,S0031,1072.52,AUD,2024-05-24 08:16:15
P00511,Product 511 health,16,S0049,956.75,USD,2023-11-04 16:52:57
P00512,Product 512 line,25,S0028,1596.94,JPY,2025-07-08 12:44:52
P00513,Product 513 pressure,8,S0001,1098.68,EUR,2024-01-25 11:41:38
P00514,Product 514 meeting,14,S0036,877.03,EUR,2025-05-08 08:58:56
P00515,Product 515 allow,6,S0046,1475.55,GBP,2023-10-28 01:35:02
P00516,Product 516 Democrat,13,S0015,529.65,GBP,2024-06-02 11:14:37
P00517,Product 517 remember,21,S0016,1035.64,CAD,2024-11-25 02:42:27
P00518,Product 518 must,20,S0045,1370.86,INR,2024-05-04 03:02:06
P00519,Product 519 more,21,S0048,1066.23,INR,2023-12-02 01:48:22
P00520,Product 520 modern,14,S0013,1707.7,EUR,2025-04-09 03:56:38
P00521,Product 521 partner,5,S0019,225.16,GBP,2024-01-07 19:12:31
P00522,Product 522 Democrat,20,S0029,547.91,JPY,2024-11-13 16:26:28
P00523,Product 523 make,16,S0013,644.68,EUR,2024-11-11 16:54:59
P00524,Product 524 success,2,S0035,49.15,USD,2025-03-05 06:27:41
P00525,Product 525 piece,10,S0018,254.45,GBP,2025-03-30 07:28:37
P00526,Product 526 car,24,S0001,469.46,EUR,2023-09-23 01:47:14
P00527,Product 527 next,1,S0032,438.29,GBP,2023-12-03 20:11:23
P00528,Product 528 produce,10,S0032,1995.94,GBP,2024-05-30 14:07:33
P00529,Product 529 say,23,S0003,663.85,CAD,2024-07-03 06:06:25
P00530,Product 530 middle,25,S0010,116.8,CAD,2024-06-30 01:30:00
P00531,Product 531 pull,13,S0005,1088.67,EUR,2023-11-22 05:56:33
P00532,Product 532 pull,7,S0017,1635.42,CAD,2023-12-08 04:19:01
P00533,Product 533 bank,1,S0008,1949.32,AUD,2024-06-02 21:24:12
P00534,Product 534 light,8,S0025,1543.59,GBP,2024-04-08 19:23:38
P00535,Product 535 capital,8,S0048,1989.1,EUR,2024-06-12 23:28:09
P00536,Product 536 attorney,15,S0048,1543.14,JPY,2025-06-24 09:50:18
P00537,Product 537 news,22,S0014,948.29,AUD,2025-05-09 00:10:31
P00538,Product 538 threat,10,S0021,321.43,AUD,2025-04-17 15:32:26
P00539,Product 539 election,2,S0048,1875.15,JPY,2023-11-21 00:20:42
P00540,Product 540 investment,4,S0017,965.05,INR,2024-10-05 05:40:32
P00541,Product 541 summer,7,S0024,1775.6,CAD,2023-08-21 22:55:24
P00542,Product 542 performance,22,S0014,1946.68,EUR,2024-05-30 03:34:11
P00543,Product 543 idea,21,S0028,652.4,EUR,2025-06-03 04:51:48
P00544,Product 544 future,9,S0038,243.7,CAD,2025-03-25 11:49:21
P00545,Product 545 here,8,S0001,1937.83,JPY,2024-02-03 19:03:50
P00546,Product 546 notice,23,S0031,1378.37,EUR,2024-03-04 13:03:27
P00547,Product 547 attention,12,S0050,183.51,EUR,2025-04-05 05:01:30
P00548,Product 548 interview,16,S0006,1373.46,INR,2024-09-10 16:09:33
P00549,Product 549 add,25,S0041,124.8,INR,2024-05-21 18:59:47
P00550,Product 550 how,21,S0010,1404.15,CAD,2024-03-04 14:34:46
P00551,Product 551 worker,4,S0009,978.25,INR,2024-07-06 03:48:48
P00552,Product 552 time,18,S0042,1514.61,CAD,2025-06-02 04:42:59
P00553,Product 553 traditional,15,S0047,389.97,AUD,2025-01-03 20:43:13
P00554,Product 554 hundred,13,S0023,1450.18,INR,2024-12-09 08:48:46
P00555,Product 555 nice,2,S0032,1414.72,JPY,2023-12-12 21:22:09
P00556,Product 556 hear,10,S0035,1395.59,EUR,2024-05-28 09:08:33
P00557,Product 557 there,19,S0012,1089.52,INR,2024-11-10 09:17:57
P00558,Product 558 phone,24,S0030,554.27,CAD,2023-09-30 03:31:51
P00559,Product 559 mean,20,S0036,324.89,JPY,2023-12-14 12:22:16
P00560,Product 560 scene,5,S0029,594.87,INR,2024-10-13 04:16:22
P00561,Product 561 head,18,S0024,910.89,CAD,2024-08-01 20:29:30
P00562,Product 562 reason,21,S0033,761.19,EUR,2024-02-05 17:38:19
P00563,Product 563 put,1,S0040,1714.37,CAD,2024-12-29 08:22:21
P00564,Product 564 use,20,S0016,644.78,USD,2024-08-05 14:39:57
P00565,Product 565 here,22,S0035,1639.0,EUR,2024-01-18 02:38:17
P00566,Product 566 light,17,S0044,997.61,JPY,2024-01-07 23:36:02
P00567,Product 567 whole,5,S0040,569.84,GBP,2024-09-01 18:55:23
P00568,Product 568 now,21,S0021,225.38,JPY,2023-12-03 01:29:15
P00569,Product 569 wrong,22,S0005,92.34,EUR,2025-08-10 16:40:00
P00570,Product 570 woman,6,S0003,408.15,GBP,2025-01-18 12:33:05
P00571,Product 571 on,7,S0007,68.48,AUD,2024-06-21 10:51:43
P00572,Product 572 million,13,S0043,982.37,JPY,2023-09-06 12:45:26
P00573,Product 573 mind,23,S0038,515.6,INR,2024-01-05 14:49:52
P00574,Product 574 read,8,S0039,1437.1,USD,2023-12-19 17:16:36
P00575,Product 575 child,7,S0042,985.35,CAD,2024-11-04 10:34:30
P00576,Product 576 agree,3,S0030,1603.03,USD,2024-01-30 01:53:46
P00577,Product 577 full,12,S0036,1488.24,GBP,2024-07-20 08:24:52
P00578,Product 578 skin,12,S0046,121.31,JPY,2025-07-31 15:42:35
P00579,Product 579 art,9,S0034,86.1,USD,2024-09-03 03:55:55
P00580,Product 580 dark,10,S0005,1889.48,JPY,2024-01-09 22:05:36
P00581,Product 581 sea,4,S0007,1451.72,JPY,2023-10-18 03:04:34
P00582,Product 582 peace,13,S0013,390.27,AUD,2023-10-26 17:52:01
P00583,Product 583 get,8,S0037,1252.52,EUR,2024-02-04 12:25:05
P00584,Product 584 phone,18,S0048,1118.49,AUD,2025-05-10 19:25:07
P00585,Product 585 instead,4,S0050,1279.06,INR,2024-07-03 07:26:09
P00586,Product 586 manager,22,S0030,1406.59,GBP,2025-06-06 23:23:44
P00587,Product 587 threat,4,S0011,1585.96,JPY,2024-08-11 04:08:15
P00588,Product 588 ahead,13,S0033,678.34,EUR,2024-11-21 23:44:21
P00589,Product 589 speech,18,S0039,888.81,INR,2023-11-25 05:47:38
P00590,Product 590 middle,11,S0036,1982.97,INR,2024-11-27 15:59:56
P00591,Product 591 thing,12,S0027,1529.55,GBP,2023-09-02 06:37:59
P00592,Product 592 real,24,S0021,1218.78,JPY,2025-05-27 13:18:43
P00593,Product 593 manager,18,S0014,753.25,JPY,2024-04-04 04:44:53
P00594,Product 594 discussion,24,S0017,723.22,GBP,2025-05-24 01:10:14
P00595,Product 595 pay,15,S0026,5.39,USD,2023-10-04 14:00:33
P00596,Product 596 visit,10,S0039,37.52,EUR,2024-11-01 12:52:22
P00597,Product 597 common,10,S0001,604.17,EUR,2025-06-22 23:14:31
P00598,Product 598 later,7,S0021,48.29,CAD,2024-10-15 14:46:15
P00599,Product 599 great,23,S0018,1838.63,JPY,2024-06-08 01:42:19
P00600,Product 600 while,18,S0037,1852.22,EUR,2023-08-20 18:35:43
P00601,Product 601 four,4,S0003,923.44,EUR,2025-01-06 01:12:51
P00602,Product 602 dog,5,S0017,737.33,JPY,2024-09-01 07:21:31
P00603,Product 603 fish,8,S0015,516.21,INR,2024-03-27 13:29:35
P00604,Product 604 anything,3,S0037,802.6,EUR,2025-06-25 02:16:07
P00605,Product 605 population,24,S0005,1448.54,CAD,2025-07-08 05:42:26
P00606,Product 606 experience,16,S0012,979.11,AUD,2023-12-03 00:24:33
P00607,Product 607 color,23,S0037,1639.93,USD,2024-08-25 18:50:23
P00608,Product 608 heart,20,S0042,604.28,AUD,2024-12-08 23:18:34
P00609,Product 609 human,19,S0025,161.56,USD,2025-02-27 04:21:25
P00610,Product 610 whatever,25,S0022,699.12,CAD,2023-09-08 14:18:11
P00611,Product 611 last,14,S0027,1860.84,USD,2023-11-04 15:21:07
P00612,Product 612 long,25,S0015,1496.62,CAD,2024-04-03 19:11:48
P00613,Product 613 road,20,S0001,1269.6,AUD,2025-06-10 22:00:28
P00614,Product 614 mission,13,S0004,613.04,USD,2024-02-14 10:44:34
P00615,Product 615 customer,11,S0035,1132.0,INR,2025-01-11 12:06:17
P00616,Product 616 water,17,S0045,445.49,USD,2025-01-05 02:09:37
P00617,Product 617 hundred,22,S0047,1994.75,GBP,2023-12-23 00:44:26
P00618,Product 618 attack,25,S0039,1152.63,USD,2025-07-30 03:26:26
P00619,Product 619 near,8,S0028,583.12,GBP,2023-08-30 06:34:05
P00620,Product 620 nature,5,S0009,675.66,GBP,2025-02-17 07:13:01
P00621,Product 621 floor,19,S0048,103.38,GBP,2023-10-18 18:13:14
P00622,Product 622 size,9,S0006,800.06,GBP,2025-07-02 23:57:56
P00623,Product 623 article,25,S0045,265.1,EUR,2025-07-17 18:03:05
P00624,Product 624 concern,16,S0036,400.23,GBP,2024-01-18 08:29:11
P00625,Product 625 go,21,S0037,396.22,JPY,2025-06-01 18:26:17
P00626,Product 626 woman,24,S0034,496.26,USD,2024-03-10 07:13:45
P00627,Product 627 success,9,S0050,862.98,AUD,2024-02-03 11:12:00
P00628,Product 628 ten,19,S0006,229.5,GBP,2024-11-20 15:33:46
P00629,Product 629 newspaper,14,S0024,699.87,INR,2024-01-18 03:46:32
P00630,Product 630 hundred,12,S0039,1312.54,CAD,2025-08-05 18:51:24
P00631,Product 631 pattern,10,S0011,1975.37,JPY,2023-10-01 09:15:47
P00632,Product 632 wind,15,S0040,295.91,USD,2024-06-19 20:12:43
P00633,Product 633 just,8,S0013,1372.29,EUR,2024-02-15 03:10:06
P00634,Product 634 pass,25,S0047,1706.26,USD,2024-07-25 01:23:25
P00635,Product 635 amount,24,S0004,489.88,JPY,2024-03-23 08:33:36
P00636,Product 636 amount,5,S0019,32.4,AUD,2024-03-02 19:39:07
P00637,Product 637 generation,4,S0020,902.87,USD,2023-11-27 20:23:55
P00638,Product 638 another,11,S0014,1481.33,EUR,2024-11-13 05:21:01
P00639,Product 639 say,7,S0035,1048.92,INR,2025-05-30 23:25:00
P00640,Product 640 the,18,S0031,1247.97,EUR,2025-04-12 19:39:26
P00641,Product 641 low,23,S0045,1338.18,GBP,2024-12-14 12:02:09
P00642,Product 642 read,19,S0043,1055.96,INR,2024-10-01 11:01:48
P00643,Product 643 team,6,S0004,571.61,CAD,2025-04-17 00:46:18
P00644,Product 644 key,23,S0040,546.21,GBP,2023-10-11 06:53:32
P00645,Product 645 bring,21,S0001,137.86,AUD,2025-05-11 11:02:27
P00646,Product 646 next,9,S0043,1704.91,AUD,2024-03-12 00:45:24
P00647,Product 647 bill,12,S0007,43.06,CAD,2024-02-22 23:30:52
P00648,Product 648 finish,21,S0025,466.18,GBP,2024-06-09 18:56:47
P00649,Product 649 matter,17,S0046,203.71,INR,2025-07-22 22:11:51
P00650,Product 650 different,16,S0039,1065.46,EUR,2024-02-03 06:05:52
P00651,Product 651 teach,7,S0033,1933.75,JPY,2024-05-15 14:44:25
P00652,Product 652 member,23,S0002,84.31,JPY,2024-07-14 06:23:53
P00653,Product 653 in,10,S0022,982.42,AUD,2024-07-10 11:47:49
P00654,Product 654 strong,6,S0002,696.83,INR,2023-12-14 15:35:48
P00655,Product 655 per,12,S0041,608.14,JPY,2023-09-08 05:03:03
P00656,Product 656 know,9,S0004,1253.46,GBP,2024-12-08 04:56:06
P00657,Product 657 through,1,S0036,1898.49,EUR,2024-09-08 11:17:25
P00658,Product 658 realize,5,S0022,1794.86,AUD,2024-09-09 18:21:49
P00659,Product 659 I,5,S0006,1461.13,JPY,2024-03-22 01:33:49
P00660,Product 660 score,22,S0040,1746.04,AUD,2023-08-31 22:41:06
P00661,Product 661 attack,8,S0027,484.52,EUR,2024-03-08 03:42:41
P00662,Product 662 heavy,14,S0020,1819.92,INR,2024-04-01 22:56:18
P00663,Product 663 idea,15,S0035,267.89,AUD,2024-09-07 11:15:23
P00664,Product 664 page,5,S0038,1085.0,CAD,2025-08-06 03:20:56
P00665,Product 665 production,7,S0009,621.45,AUD,2024-03-31 23:31:21
P00666,Product 666 off,17,S0009,862.98,CAD,2024-01-09 08:25:07
P00667,Product 667 may,5,S0042,1866.39,EUR,2024-06-28 12:44:53
P00668,Product 668 name,11,S0005,1116.89,AUD,2024-03-23 08:48:56
P00669,Product 669 beautiful,4,S0012,638.61,EUR,2025-01-25 21:19:44
P00670,Product 670 police,24,S0002,1532.04,GBP,2025-03-26 20:58:58
P00671,Product 671 level,14,S0020,888.79,CAD,2023-11-09 19:16:39
P00672,Product 672 wind,21,S0048,551.22,CAD,2023-10-08 14:11:41
P00673,Product 673 notice,7,S0007,267.43,USD,2024-08-16 10:46:50
P00674,Product 674 look,25,S0040,1235.81,JPY,2024-11-13 20:41:58
P00675,Product 675 many,19,S0040,465.67,EUR,2024-01-07 14:55:22
P00676,Product 676 item,8,S0044,57.04,USD,2025-01-04 16:56:04
P00677,Product 677 state,23,S0050,955.82,JPY,2025-04-03 22:08:23
P00678,Product 678 away,20,S0031,1425.48,INR,2024-06-19 01:27:15
P00679,Product 679 degree,6,S0025,985.43,EUR,2023-09-02 00:14:40
P00680,Product 680 marriage,6,S0013,456.41,GBP,2025-01-02 02:55:02
P00681,Product 681 opportunity,25,S0001,1851.24,GBP,2024-10-19 16:37:00
P00682,Product 682 it,8,S0048,1344.32,EUR,2024-10-28 10:56:52
P00683,Product 683 require,25,S0014,136.94,GBP,2023-09-16 11:56:36
P00684,Product 684 main,20,S0032,1377.29,CAD,2024-10-05 01:29:55
P00685,Product 685 beautiful,15,S0016,857.97,CAD,2024-07-14 13:30:26
P00686,Product 686 the,2,S0039,1471.99,GBP,2023-09-06 12:02:42
P00687,Product 687 whose,24,S0021,791.33,AUD,2025-06-04 12:22:31
P00688,Product 688 decision,19,S0039,1074.64,AUD,2024-12-04 13:43:14
P00689,Product 689 agency,23,S0003,1043.69,GBP,2025-08-10 03:05:01
P00690,Product 690 fire,15,S0003,1756.17,EUR,2025-01-22 13:43:27
P00691,Product 691 million,17,S0035,794.24,AUD,2024-12-31 11:45:56
P00692,Product 692 majority,2,S0036,777.86,CAD,2023-12-19 00:06:37
P00693,Product 693 page,21,S0004,383.75,GBP,2024-11-16 21:38:26
P00694,Product 694 treatment,13,S0020,1548.49,INR,2024-06-21 22:27:34
P00695,Product 695 two,15,S0011,847.81,JPY,2024-10-04 09:03:15
P00696,Product 696 candidate,2,S0045,1036.35,EUR,2025-08-11 13:30:00
P00697,Product 697 author,15,S0042,906.14,AUD,2024-07-21 07:25:00
P00698,Product 698 very,17,S0008,363.64,JPY,2024-10-04 22:18:35
P00699,Product 699 goal,23,S0035,274.94,GBP,2025-01-14 09:56:06
P00700,Product 700 notice,11,S0029,54.7,GBP,2025-01-15 16:50:11
P00701,Product 701 president,19,S0046,1792.11,GBP,2023-10-25 15:02:39
P00702,Product 702 term,3,S0017,651.53,AUD,2025-07-04 06:10:28
P00703,Product 703 trade,23,S0011,1438.16,USD,2024-02-01 08:28:49
P00704,Product 704 go,3,S0008,1413.92,AUD,2023-12-29 14:40:26
P00705,Product 705 hard,12,S0006,1050.02,GBP,2025-07-21 05:57:58
P00706,Product 706 it,24,S0033,1226.08,EUR,2024-06-15 05:03:51
P00707,Product 707 responsibility,13,S0036,764.31,CAD,2024-02-09 07:55:33
P00708,Product 708 guess,6,S0022,1133.16,AUD,2025-07-27 07:58:51
P00709,Product 709 soon,5,S0011,1738.29,EUR,2023-12-10 17:32:12
P00710,Product 710 former,25,S0046,107.36,INR,2024-11-02 16:02:35
P00711,Product 711 various,10,S0047,1538.42,GBP,2025-02-12 06:57:58
P00712,Product 712 rise,10,S0041,365.49,EUR,2024-10-24 17:51:32
P00713,Product 713 opportunity,7,S0001,1247.01,INR,2025-05-19 00:37:22
P00714,Product 714 turn,1,S0030,997.77,GBP,2023-11-20 20:47:42
P00715,Product 715 leave,18,S0001,1217.93,GBP,2024-09-25 06:42:07
P00716,Product 716 last,8,S0014,1179.78,GBP,2024-04-22 12:55:24
P00717,Product 717 else,15,S0027,886.54,JPY,2024-02-07 14:44:43
P00718,Product 718 dog,20,S0001,493.2,JPY,2024-05-23 03:44:48
P00719,Product 719 blue,9,S0040,1259.13,CAD,2024-06-17 22:42:25
P00720,Product 720 find,7,S0004,373.76,USD,2023-11-19 23:34:25
P00721,Product 721 the,21,S0023,78.26,CAD,2025-03-10 09:58:53
P00722,Product 722 impact,2,S0043,1158.29,JPY,2023-08-27 11:22:57
P00723,Product 723 town,10,S0022,1841.17,USD,2024-05-26 03:06:16
P00724,Product 724 cut,4,S0027,1987.5,EUR,2023-09-01 14:53:54
P00725,Product 725 before,22,S0019,1224.12,AUD,2023-08-28 21:15:15
P00726,Product 726 point,23,S0039,1146.7,JPY,2024-04-22 21:04:38
P00727,Product 727 yes,6,S0030,1499.92,INR,2024-05-21 12:51:57
P00728,Product 728 worker,2,S0006,1538.18,INR,2024-08-14 13:25:54
P00729,Product 729 us,12,S0025,1641.43,CAD,2024-05-29 03:48:12
P00730,Product 730 work,14,S0036,134.53,GBP,2024-01-04 02:03:14
P00731,Product 731 home,5,S0008,1390.77,INR,2024-02-23 06:00:56
P00732,Product 732 product,11,S0034,830.45,EUR,2024-05-15 12:58:17
P00733,Product 733 less,23,S0014,1226.05,USD,2023-08-29 17:58:49
P00734,Product 734 them,19,S0047,1958.8,JPY,2024-06-25 20:46:51
P00735,Product 735 capital,3,S0031,1449.53,JPY,2024-01-01 22:21:43
P00736,Product 736 whole,23,S0019,856.97,CAD,2024-04-06 16:09:15
P00737,Product 737 quality,11,S0017,1053.16,JPY,2024-09-19 21:14:08
P00738,Product 738 middle,12,S0009,1230.51,GBP,2024-12-19 11:58:22
P00739,Product 739 its,17,S0047,1265.56,GBP,2025-06-19 01:22:18
P00740,Product 740 course,6,S0040,469.28,INR,2024-01-16 18:06:07
P00741,Product 741 accept,7,S0001,240.82,GBP,2025-02-01 01:37:36
P00742,Product 742 should,21,S0008,1476.25,EUR,2023-11-28 07:57:19
P00743,Product 743 newspaper,20,S0027,831.01,INR,2024-02-21 17:25:52
P00744,Product 744 industry,12,S0036,1613.06,EUR,2023-09-19 12:59:59
P00745,Product 745 second,1,S0041,406.37,INR,2025-07-12 05:28:19
P00746,Product 746 source,9,S0005,619.01,JPY,2024-09-11 23:25:04
P00747,Product 747 kind,18,S0021,1535.23,USD,2024-09-25 17:25:37
P00748,Product 748 property,22,S0022,686.02,AUD,2024-10-17 22:52:22
P00749,Product 749 add,19,S0040,1920.43,CAD,2025-08-04 03:38:01
P00750,Product 750 too,6,S0013,664.38,INR,2025-04-01 15:12:04
P00751,Product 751 now,22,S0031,1832.75,CAD,2024-03-11 21:21:50
P00752,Product 752 become,2,S0042,275.83,EUR,2025-02-05 05:11:40
P00753,Product 753 gas,21,S0030,1784.66,JPY,2025-05-24 21:14:42
P00754,Product 754 certainly,11,S0030,1569.06,GBP,2025-04-21 03:26:48
P00755,Product 755 state,24,S0004,1671.04,INR,2024-01-12 23:01:56
P00756,Product 756 their,19,S0047,1358.0,JPY,2024-03-12 08:36:36
P00757,Product 757 protect,18,S0002,420.48,AUD,2025-04-09 14:59:40
P00758,Product 758 citizen,11,S0023,137.1,EUR,2024-12-09 14:31:31
P00759,Product 759 cut,9,S0002,681.61,GBP,2025-08-09 16:36:08
P00760,Product 760 help,21,S0035,1685.6,JPY,2024-05-13 22:00:13
P00761,Product 761 several,20,S0025,378.82,USD,2024-10-23 06:28:26
P00762,Product 762 concern,25,S0020,1412.01,INR,2024-09-05 10:55:02
P00763,Product 763 billion,23,S0003,546.64,USD,2025-05-15 16:34:10
P00764,Product 764 left,16,S0016,746.31,CAD,2023-09-09 21:19:51
P00765,Product 765 else,10,S0014,1052.58,EUR,2025-06-15 09:24:39
P00766,Product 766 to,4,S0024,1570.96,CAD,2023-10-21 15:44:59
P00767,Product 767 member,7,S0006,890.33,USD,2023-08-28 23:55:30
P00768,Product 768 agent,16,S0033,312.39,INR,2023-08-22 17:30:29
P00769,Product 769 thing,16,S0047,1748.39,INR,2023-10-13 21:48:03
P00770,Product 770 author,25,S0021,290.87,CAD,2023-12-02 13:18:22
P00771,Product 771 experience,4,S0034,1355.05,EUR,2023-08-30 14:11:59
P00772,Product 772 local,7,S0047,77.92,GBP,2024-07-20 19:23:59
P00773,Product 773 south,23,S0034,236.09,INR,2024-11-13 05:25:09
P00774,Product 774 ability,2,S0044,1697.01,CAD,2024-11-03 14:10:16
P00775,Product 775 notice,3,S0022,936.42,USD,2024-06-18 19:52:47
P00776,Product 776 service,4,S0034,1533.53,AUD,2025-06-17 23:35:37
P00777,Product 777 almost,10,S0002,1157.23,INR,2024-03-25 05:41:33
P00778,Product 778 end,21,S0014,645.16,EUR,2025-02-01 08:06:52
P00779,Product 779 appear,10,S0018,1066.89,CAD,2024-02-14 14:53:11
P00780,Product 780 popular,15,S0043,239.71,EUR,2025-04-10 17:07:13
P00781,Product 781 build,6,S0018,233.35,JPY,2024-01-24 23:13:35
P00782,Product 782 record,18,S0033,209.24,JPY,2024-03-25 16:29:44
P00783,Product 783 by,12,S0036,640.38,EUR,2025-04-02 23:20:27
P00784,Product 784 news,23,S0019,1150.3,EUR,2025-06-08 20:17:37
P00785,Product 785 table,3,S0020,1228.46,INR,2025-04-06 01:01:08
P00786,Product 786 market,18,S0029,106.2,USD,2024-12-19 20:13:27
P00787,Product 787 fill,16,S0044,105.66,GBP,2025-08-07 13:34:06
P00788,Product 788 heavy,2,S0006,855.8,EUR,2025-03-01 13:30:42
P00789,Product 789 teach,23,S0039,1783.1,AUD,2024-07-22 16:16:41
P00790,Product 790 music,23,S0045,894.44,INR,2023-08-24 17:05:55
P00791,Product 791 mouth,10,S0022,1635.8,AUD,2025-05-06 13:36:48
P00792,Product 792 science,25,S0043,1619.55,USD,2024-06-09 12:52:14
P00793,Product 793 particular,25,S0049,934.06,EUR,2025-03-11 03:06:30
P00794,Product 794 generation,3,S0045,939.21,GBP,2024-07-14 03:43:44
P00795,Product 795 message,10,S0044,1290.62,CAD,2024-10-12 09:11:25
P00796,Product 796 sea,15,S0031,467.23,EUR,2025-07-15 07:22:31
P00797,Product 797 doctor,5,S0040,519.82,INR,2025-03-11 19:20:20
P00798,Product 798 color,13,S0012,1400.73,AUD,2025-08-01 15:47:36
P00799,Product 799 get,11,S0021,909.3,USD,2024-03-13 09:10:13
P00800,Product 800 process,3,S0031,230.21,GBP,2024-08-20 07:40:58
